{
    "seq2seq_attention": {
        "MAE": 83.61249526156851,
        "RMSE": 124.53062699391675,
        "MAPE": 110.85626980048883
    },
    "baseline_lstm": {
        "MAE": 52.98625620537729,
        "RMSE": 98.82724241359436,
        "MAPE": 54.20428707540586
    }
}